,corr,name
Target,1.0,Target
Causal_27,-0.4308134659192428,Causal_27
Non_causal_161,0.38719687251410834,Non_causal_161
Causal_12,-0.3866073158957819,Causal_12
Non_causal_180,0.3841966997033049,Non_causal_180
Non_causal_27,-0.3620501133398835,Non_causal_27
Non_causal_153,0.360746974903539,Non_causal_153
Non_causal_273,0.3490732582551646,Non_causal_273
Non_causal_97,-0.3350621394710875,Non_causal_97
Non_causal_77,0.3339706135050898,Non_causal_77
Non_causal_53,-0.3294170114512417,Non_causal_53
Non_causal_246,-0.31454937156555896,Non_causal_246
Non_causal_93,-0.3037383539984653,Non_causal_93
Non_causal_269,-0.3006740234690105,Non_causal_269
Non_causal_132,0.2948307610540357,Non_causal_132
Non_causal_22,-0.2910311782546869,Non_causal_22
Non_causal_133,0.2774887535283964,Non_causal_133
Non_causal_124,0.27485548038996294,Non_causal_124
Non_causal_62,-0.27195005581250414,Non_causal_62
Non_causal_207,-0.2702623115008608,Non_causal_207
Causal_18,-0.26535611633025047,Causal_18
Non_causal_298,-0.2649717519047659,Non_causal_298
Non_causal_151,0.26140895979048623,Non_causal_151
Non_causal_205,-0.2595287370334517,Non_causal_205
Non_causal_248,-0.2569151213009415,Non_causal_248
Causal_23,-0.25304829228079434,Causal_23
Non_causal_210,0.24853789553656136,Non_causal_210
Non_causal_100,0.24417108901469253,Non_causal_100
Non_causal_217,0.2371363242824157,Non_causal_217
Non_causal_23,-0.2346537171555443,Non_causal_23
Non_causal_131,0.2343985615017404,Non_causal_131
Non_causal_49,0.23201445815025137,Non_causal_49
Non_causal_145,0.23166144294769922,Non_causal_145
Non_causal_150,0.23135798138234775,Non_causal_150
Non_causal_143,0.22963391293234395,Non_causal_143
Non_causal_48,-0.22840599270864728,Non_causal_48
Non_causal_221,-0.22757870316199938,Non_causal_221
Non_causal_192,-0.22554133853107694,Non_causal_192
Non_causal_231,0.2254433584617168,Non_causal_231
Non_causal_112,-0.224072649991221,Non_causal_112
Causal_8,0.22170146800156962,Causal_8
Non_causal_215,0.2205183853589288,Non_causal_215
Causal_5,0.21825722481211238,Causal_5
Non_causal_225,0.2172512392858369,Non_causal_225
Non_causal_222,0.21379970130928327,Non_causal_222
Non_causal_252,0.21323161435514312,Non_causal_252
Non_causal_34,-0.2130514493293902,Non_causal_34
Non_causal_191,0.20990102955246737,Non_causal_191
Non_causal_240,0.20841620567219254,Non_causal_240
Non_causal_137,-0.20671646748304676,Non_causal_137
Non_causal_219,-0.20383909360401462,Non_causal_219
Non_causal_122,0.2012997293579669,Non_causal_122
Non_causal_78,0.19814274030659967,Non_causal_78
Non_causal_182,-0.19495204259681542,Non_causal_182
Non_causal_289,0.19169709974670074,Non_causal_289
Non_causal_126,-0.19127992441356714,Non_causal_126
Non_causal_41,0.19055076295997475,Non_causal_41
Non_causal_239,-0.19006001199061595,Non_causal_239
Non_causal_40,0.1871682005696317,Non_causal_40
Non_causal_28,-0.1869866892482263,Non_causal_28
Non_causal_118,0.18558814662280113,Non_causal_118
Non_causal_233,-0.18528617685951712,Non_causal_233
Non_causal_196,-0.18433637409805384,Non_causal_196
Non_causal_29,0.1839705067102789,Non_causal_29
Non_causal_101,0.18245352115637833,Non_causal_101
Non_causal_316,-0.17945676637341992,Non_causal_316
Non_causal_25,-0.17632767768572372,Non_causal_25
Non_causal_80,0.1735557208930148,Non_causal_80
Non_causal_166,0.1722724801575541,Non_causal_166
Causal_10,-0.17137089935510902,Causal_10
Non_causal_123,-0.1685015607453603,Non_causal_123
Non_causal_138,0.16803010167134605,Non_causal_138
Non_causal_255,0.16654895649564622,Non_causal_255
Non_causal_315,-0.16611677985235745,Non_causal_315
Non_causal_183,0.1648032524608085,Non_causal_183
Non_causal_14,-0.16426976904383395,Non_causal_14
Non_causal_65,0.1630874269401876,Non_causal_65
Non_causal_312,0.16136679269600743,Non_causal_312
Non_causal_279,0.1599644756683672,Non_causal_279
Non_causal_142,0.158888805132223,Non_causal_142
Non_causal_274,0.1586104129352026,Non_causal_274
Non_causal_108,0.15609452905335172,Non_causal_108
Non_causal_89,-0.15496602088868847,Non_causal_89
Non_causal_128,0.15435290970713336,Non_causal_128
Non_causal_319,-0.15399722688097692,Non_causal_319
Non_causal_90,0.15292280505649034,Non_causal_90
Non_causal_170,-0.15225454788926107,Non_causal_170
Non_causal_7,-0.15152767315557114,Non_causal_7
Non_causal_134,-0.1509208018750337,Non_causal_134
Non_causal_201,-0.14967661203348412,Non_causal_201
Non_causal_38,-0.14954384050806074,Non_causal_38
Non_causal_288,-0.14871967435541628,Non_causal_288
Non_causal_305,0.14846178965568976,Non_causal_305
Non_causal_278,0.14831574579425813,Non_causal_278
Non_causal_95,-0.14783900071321016,Non_causal_95
Non_causal_211,-0.1476380134240569,Non_causal_211
Causal_9,-0.14752661132555964,Causal_9
Non_causal_272,-0.14525103460561972,Non_causal_272
Non_causal_117,-0.14520102787979597,Non_causal_117
Non_causal_155,0.1448948413051782,Non_causal_155
Non_causal_26,0.14419624616144675,Non_causal_26
Non_causal_193,-0.1429135609802151,Non_causal_193
Non_causal_296,0.14238697097367675,Non_causal_296
Non_causal_165,-0.14216840391356445,Non_causal_165
Non_causal_84,0.14186977174402873,Non_causal_84
Causal_19,-0.13952976235175338,Causal_19
Non_causal_299,-0.1384716338729078,Non_causal_299
Non_causal_267,0.13751179051571819,Non_causal_267
Non_causal_86,0.13700829392730696,Non_causal_86
Non_causal_61,0.13625223046394114,Non_causal_61
Non_causal_13,-0.1358479939790016,Non_causal_13
Non_causal_230,-0.13557309355948904,Non_causal_230
Non_causal_275,0.13517656880972517,Non_causal_275
Causal_16,-0.13405279566496373,Causal_16
Non_causal_45,-0.13341836923920533,Non_causal_45
Non_causal_54,0.1327653426045733,Non_causal_54
Non_causal_98,0.13254933211719339,Non_causal_98
Non_causal_174,0.13243716854636534,Non_causal_174
Non_causal_129,-0.1295574335088058,Non_causal_129
Non_causal_167,0.1287857614593275,Non_causal_167
Non_causal_152,-0.12792747930700238,Non_causal_152
Non_causal_254,-0.1278753895277345,Non_causal_254
Non_causal_199,0.12781896054232175,Non_causal_199
Non_causal_46,0.12776217345658228,Non_causal_46
Non_causal_258,0.12693152330992327,Non_causal_258
Non_causal_297,0.12585996712109992,Non_causal_297
Non_causal_186,-0.12514249731791482,Non_causal_186
Non_causal_56,-0.12500349564388227,Non_causal_56
Non_causal_301,-0.1249434856019895,Non_causal_301
Non_causal_18,-0.12492917232495393,Non_causal_18
Non_causal_72,-0.12480391990494548,Non_causal_72
Non_causal_96,0.1244448228281569,Non_causal_96
Causal_0,-0.12254587057101513,Causal_0
Causal_3,0.12253249341508862,Causal_3
Causal_22,-0.12230477830256846,Causal_22
Non_causal_208,0.12190384674774908,Non_causal_208
Non_causal_194,-0.12097556195069702,Non_causal_194
Non_causal_5,-0.12085069111644198,Non_causal_5
Non_causal_91,-0.12053549433250209,Non_causal_91
Non_causal_175,-0.12046426498053316,Non_causal_175
Causal_4,-0.12046040129227797,Causal_4
Non_causal_284,0.11938830985308273,Non_causal_284
Non_causal_146,0.11900165662549565,Non_causal_146
Non_causal_92,-0.11800767959985176,Non_causal_92
Non_causal_58,-0.11763993602542094,Non_causal_58
Non_causal_178,0.11586068202211061,Non_causal_178
Non_causal_264,-0.11435549741341071,Non_causal_264
Non_causal_35,-0.11385304336576785,Non_causal_35
Non_causal_253,-0.11373129270087905,Non_causal_253
Non_causal_79,0.11335582368487108,Non_causal_79
Non_causal_257,-0.11287314750534133,Non_causal_257
Non_causal_223,-0.1125191560164751,Non_causal_223
Non_causal_189,0.11154923758511039,Non_causal_189
Non_causal_76,0.11104451268012552,Non_causal_76
Non_causal_17,0.11101166329127737,Non_causal_17
Non_causal_21,0.11064786779091025,Non_causal_21
Non_causal_55,0.11063688474903,Non_causal_55
Causal_1,0.1095719532986666,Causal_1
Non_causal_276,0.10939101160360797,Non_causal_276
Non_causal_238,0.10902463463491689,Non_causal_238
Causal_29,-0.10719242576978334,Causal_29
Non_causal_110,0.10705492725074321,Non_causal_110
Non_causal_68,0.10693543141769446,Non_causal_68
Non_causal_195,0.1059787505621809,Non_causal_195
Causal_2,-0.10596661016462479,Causal_2
Causal_6,-0.10509910065704867,Causal_6
Non_causal_310,0.10406868904427345,Non_causal_310
Causal_26,0.10367280266311543,Causal_26
Non_causal_235,0.10313599429931107,Non_causal_235
Non_causal_204,0.10287802884948576,Non_causal_204
Non_causal_266,0.10247142383155428,Non_causal_266
Non_causal_125,-0.10187663520853561,Non_causal_125
Non_causal_313,-0.1011030434228676,Non_causal_313
Non_causal_156,0.10040342885413901,Non_causal_156
Non_causal_234,0.09961732390008267,Non_causal_234
Non_causal_114,-0.09931253815535951,Non_causal_114
Non_causal_287,-0.0991020012447397,Non_causal_287
Non_causal_184,-0.09887236176182197,Non_causal_184
Non_causal_147,-0.0988271389503735,Non_causal_147
Non_causal_308,0.09820034229071031,Non_causal_308
Causal_11,-0.09800573296424427,Causal_11
Non_causal_163,-0.09780949167339252,Non_causal_163
Non_causal_311,-0.09726802614971333,Non_causal_311
Non_causal_259,0.0971288826339567,Non_causal_259
Non_causal_187,-0.09673025302300782,Non_causal_187
Non_causal_232,0.09662791906974669,Non_causal_232
Non_causal_249,-0.0964918656053066,Non_causal_249
Non_causal_71,0.09620074354083363,Non_causal_71
Non_causal_228,0.09537272236693825,Non_causal_228
Non_causal_10,0.09506153331445857,Non_causal_10
Non_causal_164,0.09494550965873065,Non_causal_164
Non_causal_270,-0.09427547457506383,Non_causal_270
Non_causal_59,0.09381508245656128,Non_causal_59
Non_causal_213,0.0933213722562608,Non_causal_213
Non_causal_141,0.09295659716446701,Non_causal_141
Non_causal_262,0.09042373533367139,Non_causal_262
Non_causal_280,0.08978783319139268,Non_causal_280
Causal_24,0.08970259140550274,Causal_24
Causal_17,0.0891108307280825,Causal_17
Non_causal_229,0.08872029600116547,Non_causal_229
Non_causal_36,-0.08851387220977894,Non_causal_36
Non_causal_209,-0.08762936456339729,Non_causal_209
Non_causal_307,0.08734842425119674,Non_causal_307
Non_causal_271,0.08694491595356896,Non_causal_271
Causal_14,-0.08658034050869552,Causal_14
Non_causal_1,-0.08492316075449315,Non_causal_1
Non_causal_113,-0.08448584638539434,Non_causal_113
Non_causal_66,0.08429464215739813,Non_causal_66
Non_causal_218,0.08428723496607043,Non_causal_218
Non_causal_64,-0.0839841846587035,Non_causal_64
Non_causal_220,-0.0838670998620723,Non_causal_220
Non_causal_302,-0.08347787544796006,Non_causal_302
Non_causal_241,0.08287860526017496,Non_causal_241
Non_causal_282,-0.08268406616879095,Non_causal_282
Non_causal_237,0.08164365097016693,Non_causal_237
Non_causal_171,0.08041650719275731,Non_causal_171
Non_causal_212,0.079816512200432,Non_causal_212
Non_causal_227,0.07899601609140525,Non_causal_227
Non_causal_154,-0.07887199453089587,Non_causal_154
Non_causal_119,0.07813355430801462,Non_causal_119
Non_causal_43,0.07807502016738352,Non_causal_43
Non_causal_179,0.07549843901159504,Non_causal_179
Non_causal_31,-0.07490489091229263,Non_causal_31
Non_causal_140,-0.07436471417930281,Non_causal_140
Non_causal_188,-0.07435079325158027,Non_causal_188
Non_causal_111,0.07312684241969361,Non_causal_111
Causal_13,0.07288110630195274,Causal_13
Non_causal_203,-0.07246827293954425,Non_causal_203
Non_causal_60,0.07052660079719308,Non_causal_60
Causal_21,0.07037293089622686,Causal_21
Non_causal_247,0.06964743417277323,Non_causal_247
Non_causal_24,0.06921666891714474,Non_causal_24
Non_causal_214,-0.06742877932301411,Non_causal_214
Non_causal_52,-0.06681551872304867,Non_causal_52
Non_causal_226,-0.06625480897772859,Non_causal_226
Non_causal_0,-0.06592194874193538,Non_causal_0
Non_causal_295,-0.06485959632124537,Non_causal_295
Non_causal_104,-0.06483493373920252,Non_causal_104
Non_causal_206,0.06397146950779453,Non_causal_206
Non_causal_290,-0.06356882000036941,Non_causal_290
Non_causal_283,-0.06301226639975545,Non_causal_283
Non_causal_197,0.06277359020090344,Non_causal_197
Non_causal_2,-0.062436170181226984,Non_causal_2
Non_causal_256,-0.06212840967111304,Non_causal_256
Non_causal_304,-0.06205551286741385,Non_causal_304
Non_causal_94,0.061992698772919436,Non_causal_94
Non_causal_293,-0.06133128288899921,Non_causal_293
Non_causal_261,0.06089949022593828,Non_causal_261
Non_causal_306,0.060684292471718,Non_causal_306
Non_causal_11,-0.060638194697624256,Non_causal_11
Non_causal_314,0.06053784253688681,Non_causal_314
Non_causal_99,0.060346498703990704,Non_causal_99
Non_causal_300,-0.05771035024233878,Non_causal_300
Non_causal_136,-0.05715881770183618,Non_causal_136
Non_causal_67,-0.0570095777738577,Non_causal_67
Non_causal_20,-0.05646028623390864,Non_causal_20
Non_causal_294,-0.05619956936291146,Non_causal_294
Non_causal_303,-0.05566208896287157,Non_causal_303
Non_causal_263,-0.054849632932943836,Non_causal_263
Non_causal_292,-0.05479927553731537,Non_causal_292
Non_causal_198,-0.054438089608614966,Non_causal_198
Non_causal_105,-0.05364149783139343,Non_causal_105
Non_causal_102,-0.05285700600167012,Non_causal_102
Non_causal_243,0.05246033438273343,Non_causal_243
Non_causal_57,-0.052316072446237434,Non_causal_57
Non_causal_30,-0.051981375144455375,Non_causal_30
Non_causal_277,-0.05114800638723703,Non_causal_277
Non_causal_185,-0.049981417538907655,Non_causal_185
Non_causal_162,0.049697247690887895,Non_causal_162
Non_causal_158,0.04959543041038941,Non_causal_158
Non_causal_33,0.04940795961786566,Non_causal_33
Non_causal_74,0.048688491439757925,Non_causal_74
Non_causal_260,-0.04840518073009697,Non_causal_260
Non_causal_148,-0.04784269215089321,Non_causal_148
Non_causal_3,-0.04763690428480648,Non_causal_3
Non_causal_173,0.04753348130382486,Non_causal_173
Non_causal_268,-0.04566264441057437,Non_causal_268
Non_causal_281,0.0449300378365626,Non_causal_281
Non_causal_9,0.044867185888473556,Non_causal_9
Non_causal_181,0.042969689250983975,Non_causal_181
Non_causal_82,0.04288045940871785,Non_causal_82
Non_causal_160,-0.04242418234456261,Non_causal_160
Causal_15,-0.04218587967260299,Causal_15
Non_causal_120,-0.04195152895303795,Non_causal_120
Non_causal_139,0.03882627099585214,Non_causal_139
Non_causal_116,-0.03867551749114699,Non_causal_116
Non_causal_42,-0.038134532279228445,Non_causal_42
Non_causal_4,0.03775881991365142,Non_causal_4
Non_causal_39,-0.035578511611716254,Non_causal_39
Non_causal_15,-0.033889103730561414,Non_causal_15
Non_causal_317,0.03353218839305072,Non_causal_317
Non_causal_32,-0.03224814296863938,Non_causal_32
Non_causal_318,0.03147090536672831,Non_causal_318
Non_causal_121,-0.03131756401450863,Non_causal_121
Non_causal_250,0.030468455808598405,Non_causal_250
Non_causal_309,0.030432782123587354,Non_causal_309
Non_causal_12,0.0301949072937157,Non_causal_12
Non_causal_245,-0.028560183798100453,Non_causal_245
Non_causal_157,-0.028396092242635732,Non_causal_157
Non_causal_176,-0.02805978333603769,Non_causal_176
Non_causal_285,-0.025841701154596816,Non_causal_285
Non_causal_88,-0.025807873596583267,Non_causal_88
Non_causal_107,0.025766200509914478,Non_causal_107
Non_causal_242,0.025582459017507463,Non_causal_242
Non_causal_70,0.025378203170631865,Non_causal_70
Causal_25,0.02535249852289829,Causal_25
Non_causal_47,-0.02466488454624791,Non_causal_47
Non_causal_8,-0.023963001300087827,Non_causal_8
Non_causal_216,0.023805803546411458,Non_causal_216
Non_causal_135,-0.023650794335524323,Non_causal_135
Non_causal_73,0.023282052054230812,Non_causal_73
Non_causal_200,0.022344715101646206,Non_causal_200
Non_causal_159,0.022271785800410424,Non_causal_159
Causal_7,-0.020988235116976846,Causal_7
Non_causal_168,-0.020982042009196927,Non_causal_168
Non_causal_51,-0.02002887051234048,Non_causal_51
Non_causal_6,0.019920397000861206,Non_causal_6
Non_causal_115,-0.01991884345749619,Non_causal_115
Non_causal_202,0.019660468539223677,Non_causal_202
Causal_20,-0.017530692542531857,Causal_20
Non_causal_177,0.01649248719175589,Non_causal_177
Non_causal_63,-0.01635919308859378,Non_causal_63
Non_causal_127,0.015183545631246423,Non_causal_127
Non_causal_109,-0.014785872508946696,Non_causal_109
Non_causal_16,-0.013788774003367154,Non_causal_16
Non_causal_37,-0.013042685269379716,Non_causal_37
Non_causal_103,0.013001994550319688,Non_causal_103
Non_causal_144,0.012955001476426148,Non_causal_144
Causal_28,-0.012792702390515557,Causal_28
Non_causal_286,-0.012036162285886194,Non_causal_286
Non_causal_87,0.011531384592332626,Non_causal_87
Non_causal_69,0.011275523738310502,Non_causal_69
Non_causal_169,-0.010230881814305164,Non_causal_169
Non_causal_224,-0.009844298097162786,Non_causal_224
Non_causal_244,0.00889347438209346,Non_causal_244
Non_causal_236,0.007454072398999748,Non_causal_236
Non_causal_75,-0.006824408663120293,Non_causal_75
Non_causal_106,-0.006014827473526694,Non_causal_106
Non_causal_83,0.005172435696669658,Non_causal_83
Non_causal_81,-0.0039495175112843,Non_causal_81
Non_causal_149,0.003911822040458339,Non_causal_149
Non_causal_19,0.0038663982708030528,Non_causal_19
Non_causal_85,-0.0036484547647889095,Non_causal_85
Non_causal_44,0.0031859952678545186,Non_causal_44
Non_causal_291,0.0029588001066636646,Non_causal_291
Non_causal_50,-0.0028901743944858213,Non_causal_50
Non_causal_190,-0.002692409552147365,Non_causal_190
Non_causal_130,0.0020754559901140354,Non_causal_130
Non_causal_172,0.002067249716523206,Non_causal_172
Non_causal_251,-0.0009789283300658466,Non_causal_251
Non_causal_265,-0.0003156641424260178,Non_causal_265
